<?xml version="1.0" encoding="UTF-8"?>
<project xmlns="http://maven.apache.org/POM/4.0.0" xmlns:xsi="http://www.w3.org/2001/XMLSchema-instance" xsi:schemaLocation="http://maven.apache.org/POM/4.0.0 http://maven.apache.org/maven-v4_0_0.xsd">
  <parent>
    <artifactId>jtf</artifactId>
    <groupId>com.jd.jtf</groupId>
    <version>1.0-SNAPSHOT</version>
  </parent>
  <modelVersion>4.0.0</modelVersion>
  <artifactId>demo-plugin</artifactId>
  <build>
    <plugins>
      <plugin>
        <artifactId>maven-shade-plugin</artifactId>
        <version>2.4.1</version>
        <executions>
          <execution>
            <phase>package</phase>
            <goals>
              <goal>shade</goal>
            </goals>
            <configuration>
              <transformers>
                <transformer>
                  <mainClass>com.jd.jtf.demo.plugin.PluginTest</mainClass>
                </transformer>
              </transformers>
            </configuration>
          </execution>
        </executions>
      </plugin>
      <plugin>
        <artifactId>maven-jar-plugin</artifactId>
        <version>2.4</version>
        <configuration>
          <archive>
            <addMavenDescriptor>false</addMavenDescriptor>
            <index>true</index>
            <manifest>
              <addDefaultSpecificationEntries>true</addDefaultSpecificationEntries>
              <addDefaultImplementationEntries>true</addDefaultImplementationEntries>
            </manifest>
            <manifestEntries>
              <Implementation-Build />
            </manifestEntries>
          </archive>
          <excludes>
            <exlude>**/spring-*.xml</exlude>
            <exlude>**/*.properties</exlude>
          </excludes>
        </configuration>
      </plugin>
    </plugins>
  </build>
  <dependencies>
    <dependency>
      <groupId>junit</groupId>
      <artifactId>junit</artifactId>
      <version>4.8.2</version>
      <scope>test</scope>
    </dependency>
  </dependencies>
</project>

