<?xml version="1.0" encoding="UTF-8"?>
<beans xmlns="http://www.springframework.org/schema/beans"
	xmlns:xsi="http://www.w3.org/2001/XMLSchema-instance" 
	xmlns:context="http://www.springframework.org/schema/context"
	xmlns:mvc="http://www.springframework.org/schema/mvc"
	xmlns:aop="http://www.springframework.org/schema/aop"
	xsi:schemaLocation="http://www.springframework.org/schema/mvc http://www.springframework.org/schema/mvc/spring-mvc-3.2.xsd
		http://www.springframework.org/schema/beans http://www.springframework.org/schema/beans/spring-beans-3.2.xsd
       http://www.springframework.org/schema/context http://www.springframework.org/schema/context/spring-context-3.2.xsd
       http://www.springframework.org/schema/aop 
       http://www.springframework.org/schema/aop/spring-aop-3.2.xsd
       ">

	<!-- 自动扫描且只扫描@Controller -->
	<context:component-scan base-package="com.jd.jtf">
		<context:include-filter type="annotation"
			expression="org.springframework.stereotype.Controller" />
		<context:include-filter type="annotation"
			expression="org.springframework.web.bind.annotation.ControllerAdvice" />
	</context:component-scan>

	<mvc:annotation-driven>
		<mvc:message-converters register-defaults="true">
			 <!--将StringHttpMessageCOnverter的默认编码设为UTF-8 -->
			<bean class="org.springframework.http.converter.StringHttpMessageConverter">
				<constructor-arg value="UTF-8" />
			</bean>
		</mvc:message-converters>
	</mvc:annotation-driven>

	<!-- web.xml中配置的容器默认的DefaultServletHandler处理 所有静态内容与无RequestMapping处理的URL -->
	<mvc:default-servlet-handler/>

	<bean id="velocityConfig" class="org.springframework.web.servlet.view.velocity.VelocityConfigurer">  
	    <property name="resourceLoaderPath" value="/views/" />  
	    <property name="configLocation" value="classpath:velocity.properties" />  
	</bean>  
	
	<bean id="velocityViewResolver" class="org.springframework.web.servlet.view.velocity.VelocityViewResolver">  
	    	<property name="suffix" value="" />  
	    	<property name="prefix" value="" />  
    		<property name="order" value="0" />
    		<property name="contentType" value="text/html;charset=UTF-8" />
			<property name="exposeRequestAttributes" value="true" />
			<property name="requestContextAttribute" value="req" />
	</bean>
	
	<!-- aop config -->
	<aop:aspectj-autoproxy proxy-target-class="true"/>
</beans>
