<?xml version="1.0" encoding="UTF-8"?>
<beans xmlns="http://www.springframework.org/schema/beans" 
		xmlns:xsi="http://www.w3.org/2001/XMLSchema-instance"
		xmlns:tx="http://www.springframework.org/schema/tx"
		xmlns:context="http://www.springframework.org/schema/context"
		xsi:schemaLocation="http://www.springframework.org/schema/beans http://www.springframework.org/schema/beans/spring-beans-3.2.xsd
		http://www.springframework.org/schema/tx http://www.springframework.org/schema/tx/spring-tx-3.2.xsd
		http://www.springframework.org/schema/context http://www.springframework.org/schema/context/spring-context-3.2.xsd
		"
       default-lazy-init="true" default-autowire="byName">

    <!-- 数据源配置,使用DruidDataSource数据库连接池 -->
    <bean id="dataSource" class="com.alibaba.druid.pool.DruidDataSource" init-method="init" destroy-method="close">
        <!-- 基本属性 url、user、password -->
        <property name="url" value="${datasource.common.mysql.jdbc.url}"/>
        <property name="driverClassName" value="com.mysql.jdbc.Driver"/>
        <property name="username" value="${datasource.common.username}" />
        <property name="password" value="${datasource.common.password}" />
        
        <!-- 配置初始化大小、最小、最大 -->
        <property name="initialSize" value="3"/>
        <property name="minIdle" value="1"/>
        <property name="maxActive" value="20"/>
        <!-- 配置获取连接等待超时的时间 -->
        <property name="maxWait" value="60000"/>
        <!-- 配置间隔多久才进行一次检测，检测需要关闭的空闲连接，单位是毫秒 -->
        <property name="timeBetweenEvictionRunsMillis" value="60000"/>
        <!-- 配置一个连接在池中最小生存的时间，单位是毫秒 -->
        <property name="minEvictableIdleTimeMillis" value="300000"/>
        <property name="validationQuery" value="SELECT 'x'"/>
        <property name="testWhileIdle" value="true"/>
        <property name="testOnBorrow" value="false"/>
        <property name="testOnReturn" value="false"/>
        <!-- 打开PSCache，并且指定每个连接上PSCache的大小 -->
        <!--<property name="poolPreparedStatements" value="false" />-->
        <!--<property name="maxPoolPreparedStatementPerConnectionSize" value="20" />-->
        <!-- 配置监控统计拦截的filters -->
        <property name="filters" value="stat"/>
    </bean>

    <!-- myBatis文件 -->
    <bean id="pmSqlSessionFactory" class="org.mybatis.spring.SqlSessionFactoryBean">
        <property name="dataSource" ref="dataSource" />
        <!-- 自动扫描entity目录, 省掉Configuration.xml里的手工配置 -->
        <property name="configLocation" value="classpath:mybatis-config.xml"/>
    </bean>
    
    <!-- myBatis通过接口来加载配置文件 -->
    <bean class="org.mybatis.spring.mapper.MapperScannerConfigurer">
        <property name="basePackage" value="com.jd.aibi.pm.dao" />
        <property name="sqlSessionFactoryBeanName" value="pmSqlSessionFactory" />
    </bean>

    <!-- 配置事务管理器 -->
    <bean id="transactionManager"
        class="org.springframework.jdbc.datasource.DataSourceTransactionManager">
        <property name="dataSource" ref="dataSource" />
    </bean>

    <!-- 注解方式配置事物 -->
    <tx:annotation-driven transaction-manager="transactionManager" proxy-target-class="true"/>

</beans>