<beans xmlns="http://www.springframework.org/schema/beans"
	xmlns:xsi="http://www.w3.org/2001/XMLSchema-instance" xmlns:context="http://www.springframework.org/schema/context"
	xmlns:mvc="http://www.springframework.org/schema/mvc" xmlns:jsf="http://jsf.jd.com/schema/jsf"
	xsi:schemaLocation="http://www.springframework.org/schema/beans http://www.springframework.org/schema/beans/spring-beans.xsd
	http://www.springframework.org/schema/mvc http://www.springframework.org/schema/mvc/spring-mvc.xsd
	http://www.springframework.org/schema/context http://www.springframework.org/schema/context/spring-context.xsd
	http://www.springframework.org/schema/beans http://www.springframework.org/schema/beans/spring-beans.xsd
    http://jsf.jd.com/schema/jsf  
    http://jsf.jd.com/schema/jsf/jsf.xsd
	">

	<bean id="placeholderConfig"
		class="org.springframework.context.support.PropertySourcesPlaceholderConfigurer">
		<property name="locations">
			<list>
				<value>classpath*:*.properties</value>
			</list>
		</property>
		<property name="ignoreUnresolvablePlaceholders" value="true" />
	</bean>

	<import resource="classpath:spring/spring-mvc.xml" />
	<!--<import resource="classpath:spring/spring-config-dao.xml" />-->

</beans>